<?xml version="1.0" encoding="UTF-8"?>
<con:soapui-project activeEnvironment="Default" name="TechSmith Profile API" resourceRoot="${projectDir}" soapui-version="4.6.4" abortOnError="false" runType="SEQUENTIAL" defaultScriptLanguage="Javascript" xmlns:con="http://eviware.com/soapui/config">
     <con:settings/>
     <con:interface xsi:type="con:RestService" wadlVersion="http://wadl.dev.java.net/2009/02" name="https://myaccount.techsmith.com" type="rest" xmlns:xsi="http://www.w3.org/2001/XMLSchema-instance">
          <con:settings/>
          <con:definitionCache type="TEXT" rootPart=""/>
          <con:endpoints>
               <con:endpoint>https://myaccount.techsmith.com</con:endpoint>
          </con:endpoints>
          <con:resource name="" path="/api/v1/profiles/{techSmithId}/{profileName}">
               <con:settings/>
               <con:parameters>
                    <con:parameter>
                         <con:name>techSmithId</con:name>
                         <con:value></con:value>
                         <con:style>TEMPLATE</con:style>
                         <con:default></con:default>
                    </con:parameter>
                    <con:parameter>
                         <con:name>profileName</con:name>
                         <con:value />
                         <con:style>TEMPLATE</con:style>
                         <con:default>digitalriver</con:default>
                    </con:parameter>
                    <con:parameter>
                         <con:name>Authorization</con:name>
                         <con:value/>
                         <con:style>HEADER</con:style>
                         <con:default/>
                         <con:description xsi:nil="true"/>
                    </con:parameter>
               </con:parameters>
               <con:method name="" method="GET">
                    <con:settings/>
                    <con:parameters/>
                    <con:request name="GetProfile" mediaType="application/json">
                         <con:settings>
                              <con:setting id="com.eviware.soapui.impl.wsdl.WsdlRequest@request-headers">&lt;xml-fragment/></con:setting>
                         </con:settings>
                         <con:endpoint>https://myaccount.techsmith.com</con:endpoint>
                         <con:request/>
                         <con:credentials>
                              <con:authType>Global HTTP Settings</con:authType>
                         </con:credentials>
                         <con:jmsConfig JMSDeliveryMode="PERSISTENT"/>
                         <con:jmsPropertyConfig/>
                         <con:parameters>
                              <con:entry key="Authorization" value="Bearer ${#TestCase#AuthToken}"/>
                              <con:entry key="profileName" value=""/>
                         </con:parameters>
                         <con:parameterOrder>
                              <con:entry>techSmithId</con:entry>
                              <con:entry>profileName</con:entry>
                              <con:entry>Authorization</con:entry>
                         </con:parameterOrder>
                    </con:request>
               </con:method>
          </con:resource>
          <con:resource name="" path="/api/v1/profiles/{techSmithId}/{profile}">
               <con:settings/>
               <con:parameters>
                    <con:parameter>
                         <con:name>techSmithId</con:name>
                         <con:value />
                         <con:style>TEMPLATE</con:style>
                         <con:default>techSmithId</con:default>
                    </con:parameter>
                    <con:parameter>
                         <con:name>profile</con:name>
                         <con:value></con:value>
                         <con:style>TEMPLATE</con:style>
                         <con:default></con:default>
                    </con:parameter>
               </con:parameters>
               <con:method name="CreateProfile" method="POST">
                    <con:parameters>
                         <con:parameter required="true">
                              <con:name>Authorization</con:name>
                              <con:value>Bearer ${#TestCase#AuthToken}</con:value>
                              <con:style>HEADER</con:style>
                              <con:default>Bearer ${#TestCase#AuthToken}</con:default>
                              <con:description xsi:nil="true"/>
                         </con:parameter>
                    </con:parameters>
                    <con:request name="CreateProfileRestRequest" mediaType="application/json" postQueryString="false">
                         <con:settings>
                              <con:setting id="com.eviware.soapui.impl.wsdl.WsdlRequest@request-headers">&lt;xml-fragment/></con:setting>
                         </con:settings>
                         <con:endpoint>https://myaccount.techsmith.com</con:endpoint>
                         <con:request>
                              {
                              "_email": "",
                              "_firstName": "",
                              "_lastName": "",
                              "_locale": ""
                              }
                         </con:request>
                         <con:credentials>
                              <con:authType>Global HTTP Settings</con:authType>
                         </con:credentials>
                         <con:jmsConfig JMSDeliveryMode="PERSISTENT"/>
                         <con:jmsPropertyConfig/>
                         <con:parameters>
                              <entry key="techSmithId" value="" xmlns="http://eviware.com/soapui/config"/>
                         </con:parameters>
                         <con:parameterOrder>
                              <con:entry>techSmithId</con:entry>
                              <con:entry>Authorization</con:entry>
                         </con:parameterOrder>
                    </con:request>
               </con:method>
          </con:resource>
          <con:resource name="profiles" path="/api/v1/profiles">
               <con:settings/>
               <con:parameters>
                    <con:parameter>
                         <con:name>Authorization</con:name>
                         <con:value>Bearer ${#TestCase#AuthToken}</con:value>
                         <con:style>HEADER</con:style>
                         <con:default>Bearer ${#TestCase#AuthToken}</con:default>
                         <con:description xsi:nil="true"/>
                    </con:parameter>
               </con:parameters>
               <con:method name="Method 1" method="POST">
                    <con:settings/>
                    <con:parameters/>
                    <con:request name="GetTechSmithIdForEmail" mediaType="application/json" postQueryString="false">
                         <con:settings>
                              <con:setting id="com.eviware.soapui.impl.wsdl.WsdlRequest@request-headers">&lt;xml-fragment/></con:setting>
                         </con:settings>
                         <con:endpoint>https://myaccount.techsmith.com</con:endpoint>
                         <con:request>
                              {
                              emailAddresses: ${emailAddresses: ${#TestCase#EmailAddresList},
                              profiles: "default"
                              }
                         </con:request>
                         <con:credentials>
                              <con:authType>Global HTTP Settings</con:authType>
                         </con:credentials>
                         <con:jmsConfig JMSDeliveryMode="PERSISTENT"/>
                         <con:jmsPropertyConfig/>
                         <con:parameters/>
                         <con:parameterOrder>
                              <con:entry>Authorization</con:entry>
                         </con:parameterOrder>
                    </con:request>
               </con:method>
          </con:resource>
          <con:inferredSchema>
               <![CDATA[<?xml version="1.0" encoding="UTF-8"?>
<inf:schema xmlns:inf="http://www.eviware.com/soapui/InferredSchema"><inf:namespace>https://myaccount.techsmith.com</inf:namespace><inf:particle xsi:type="inf:ElementParticle" xmlns:xsi="http://www.w3.org/2001/XMLSchema-instance"><inf:name>data</inf:name><inf:type xsi:type="inf:TypeReference"><inf:reference xmlns:myac="https://myaccount.techsmith.com">myac:_data</inf:reference></inf:type></inf:particle><inf:prefix key="http://www.w3.org/2001/XMLSchema" value="xs"/><inf:complexType><inf:completed>true</inf:completed><inf:mixed>false</inf:mixed><inf:name>_data</inf:name><inf:attribute xsi:type="inf:AttributeParticle" xmlns:xsi="http://www.w3.org/2001/XMLSchema-instance"><inf:name>contentType</inf:name><inf:type xsi:type="inf:SimpleType"><inf:completed>false</inf:completed><inf:typeName>string</inf:typeName></inf:type></inf:attribute><inf:attribute xsi:type="inf:AttributeParticle" xmlns:xsi="http://www.w3.org/2001/XMLSchema-instance"><inf:name>contentLength</inf:name><inf:type xsi:type="inf:SimpleType"><inf:completed>false</inf:completed><inf:typeName>boolean</inf:typeName></inf:type></inf:attribute><inf:content xsi:type="inf:EmptyContent" xmlns:xsi="http://www.w3.org/2001/XMLSchema-instance"><inf:completed>true</inf:completed></inf:content></inf:complexType></inf:schema>]]>
          </con:inferredSchema>
     </con:interface>
     <con:interface xsi:type="con:RestService" wadlVersion="http://wadl.dev.java.net/2009/02" name="https://signin.techsmith.com" type="rest" xmlns:xsi="http://www.w3.org/2001/XMLSchema-instance">
          <con:settings/>
          <con:definitionCache type="TEXT" rootPart=""/>
          <con:endpoints>
               <con:endpoint>https://signin.techsmith.com</con:endpoint>
          </con:endpoints>
          <con:resource name="" path="/oauth/2/31/Token">
               <con:settings/>
               <con:parameters/>
               <con:method name="" method="POST">
                    <con:settings/>
                    <con:parameters>
                         <con:parameter>
                              <con:name>client_id</con:name>
                              <con:value>${#Project#ClientID}</con:value>
                              <con:style>QUERY</con:style>
                              <con:default>${#Project#ClientID}</con:default>
                              <con:description xsi:nil="true"/>
                         </con:parameter>
                         <con:parameter>
                              <con:name>client_secret</con:name>
                              <con:value>${#Project#ClientSecret}</con:value>
                              <con:style>QUERY</con:style>
                              <con:default>${#Project#ClientSecret}</con:default>
                              <con:description xsi:nil="true"/>
                         </con:parameter>
                         <con:parameter>
                              <con:name>grant_type</con:name>
                              <con:value>client_credentials</con:value>
                              <con:style>QUERY</con:style>
                              <con:default>client_credentials</con:default>
                              <con:description xsi:nil="true"/>
                         </con:parameter>
                         <con:parameter>
                              <con:name>scope</con:name>
                              <con:value />
                              <con:style>QUERY</con:style>
                              <con:default>tsc.profile.trusted</con:default>
                              <con:description xsi:nil="true"/>
                         </con:parameter>
                         <con:parameter>
                              <con:name>techsmith_id</con:name>
                              <con:value/>
                              <con:style>QUERY</con:style>
                              <con:default/>
                              <con:description xsi:nil="true"/>
                         </con:parameter>
                    </con:parameters>
                    <con:request name="Request 1" mediaType="application/x-www-form-urlencoded" postQueryString="true">
                         <con:settings>
                              <con:setting id="com.eviware.soapui.impl.wsdl.WsdlRequest@request-headers">&lt;xml-fragment/></con:setting>
                         </con:settings>
                         <con:endpoint>https://signin.techsmith.com</con:endpoint>
                         <con:request/>
                         <con:credentials>
                              <con:authType>Global HTTP Settings</con:authType>
                         </con:credentials>
                         <con:jmsConfig JMSDeliveryMode="PERSISTENT"/>
                         <con:jmsPropertyConfig/>
                         <con:parameters/>
                         <con:parameterOrder>
                              <con:entry>techsmith_id</con:entry>
                              <con:entry>client_id</con:entry>
                              <con:entry>client_secret</con:entry>
                              <con:entry>grant_type</con:entry>
                              <con:entry>scope</con:entry>
                         </con:parameterOrder>
                    </con:request>
               </con:method>
          </con:resource>
     </con:interface>
     <con:testSuite name="GetAccountData">
          <con:description>TestSuite generated for REST Service [https://signin.techsmith.com]</con:description>
          <con:settings/>
          <con:runType>SEQUENTIAL</con:runType>
          <con:testCase failOnError="true" failTestCaseOnErrors="true" keepSession="false" maxResults="0" name="Test - Get Account Info" searchProperties="true" id="ee0a493c-c85a-462d-9bf6-fecbee06af1b">
               <con:description>TestCase generated for REST Resource [] located at [/oauth/2/31/Token]</con:description>
               <con:settings/>
               <con:testStep type="restrequest" name="Authorize">
                    <con:settings/>
                    <con:config service="https://signin.techsmith.com" resourcePath="/oauth/2/31/Token" methodName="" xsi:type="con:RestRequestStep" xmlns:xsi="http://www.w3.org/2001/XMLSchema-instance">
                         <con:restRequest name="Authorize" mediaType="application/x-www-form-urlencoded" postQueryString="true">
                              <con:settings>
                                   <con:setting id="com.eviware.soapui.impl.wsdl.WsdlRequest@request-headers">&lt;xml-fragment/></con:setting>
                              </con:settings>
                              <con:endpoint>https://signin.techsmith.com</con:endpoint>
                              <con:request/>
                              <con:credentials>
                                   <con:authType>Global HTTP Settings</con:authType>
                              </con:credentials>
                              <con:jmsConfig JMSDeliveryMode="PERSISTENT"/>
                              <con:jmsPropertyConfig/>
                              <con:parameters/>
                              <con:parameterOrder>
                                   <con:entry>client_id</con:entry>
                                   <con:entry>client_secret</con:entry>
                                   <con:entry>grant_type</con:entry>
                                   <con:entry>scope</con:entry>
                                   <con:entry>techsmith_id</con:entry>
                              </con:parameterOrder>
                         </con:restRequest>
                    </con:config>
               </con:testStep>
               <con:testStep type="transfer" name="Transfer Token">
                    <con:settings/>
                    <con:config xsi:type="con:PropertyTransfersStep" xmlns:xsi="http://www.w3.org/2001/XMLSchema-instance">
                         <con:transfers setNullOnMissingSource="true" transferTextContent="true" failOnError="true" ignoreEmpty="false" transferToAll="false" useXQuery="false" entitize="false" transferChildNodes="false">
                              <con:name>GetIdForEmailToken</con:name>
                              <con:sourceType>ResponseAsXml</con:sourceType>
                              <con:sourceStep>Authorize</con:sourceStep>
                              <con:sourcePath>//*[local-name()="access_token"]/concat("Bearer ", text())</con:sourcePath>
                              <con:targetType>Authorization</con:targetType>
                              <con:targetStep>GetTechsmithIdForEmail</con:targetStep>
                         </con:transfers>
                         <con:transfers setNullOnMissingSource="true" transferTextContent="true" failOnError="true" entitize="false" transferToAll="false">
                              <con:name>GetProfileForIdToken</con:name>
                              <con:sourceType>ResponseAsXml</con:sourceType>
                              <con:sourceStep>Authorize</con:sourceStep>
                              <con:sourcePath>//*[local-name()="access_token"]/concat("Bearer ", text())</con:sourcePath>
                              <con:targetType>Authorization</con:targetType>
                              <con:targetStep>GetProfile</con:targetStep>
                         </con:transfers>
                    </con:config>
               </con:testStep>
               <con:testStep type="restrequest" name="GetTechsmithIdForEmail">
                    <con:settings/>
                    <con:config service="https://myaccount.techsmith.com" resourcePath="/api/v1/profiles" methodName="Method 1" xsi:type="con:RestRequestStep" xmlns:xsi="http://www.w3.org/2001/XMLSchema-instance">
                         <con:restRequest name="GetTechsmithIdForEmail" mediaType="application/json" postQueryString="false">
                              <con:settings>
                                   <con:setting id="com.eviware.soapui.impl.wsdl.WsdlRequest@request-headers">&lt;xml-fragment/></con:setting>
                              </con:settings>
                              <con:endpoint>https://myaccount.techsmith.com</con:endpoint>
                              <con:request>
                                   {
                                   emailAddresses:'${#Project#userAccountToTest}' ,
                                   profiles: "digitalriver"
                                   }
                              </con:request>
                              <con:credentials>
                                   <con:authType>Global HTTP Settings</con:authType>
                              </con:credentials>
                              <con:jmsConfig JMSDeliveryMode="PERSISTENT"/>
                              <con:jmsPropertyConfig/>
                              <con:parameters>
                                   <entry key="Authorization" value="" xmlns="http://eviware.com/soapui/config"/>
                              </con:parameters>
                              <con:parameterOrder>
                                   <con:entry>Authorization</con:entry>
                              </con:parameterOrder>
                         </con:restRequest>
                    </con:config>
               </con:testStep>
               <con:testStep type="transfer" name="Transfer TSC ID">
                    <con:settings/>
                    <con:config xsi:type="con:PropertyTransfersStep" xmlns:xsi="http://www.w3.org/2001/XMLSchema-instance">
                         <con:transfers setNullOnMissingSource="true" transferTextContent="true" failOnError="true" ignoreEmpty="false" transferToAll="false" useXQuery="false" entitize="false" transferChildNodes="true">
                              <con:name>Email</con:name>
                              <con:sourceType>ResponseAsXml</con:sourceType>
                              <con:sourceStep>GetTechsmithIdForEmail</con:sourceStep>
                              <con:sourcePath>//data/normalize-space(replace(tokenize(tokenize(text(), ':')[2], ',')[1], '[\[,\\"]', ''))</con:sourcePath>
                              <con:targetType>techSmithId</con:targetType>
                              <con:targetStep>GetProfile</con:targetStep>
                              <con:targetPath/>
                         </con:transfers>
                    </con:config>
               </con:testStep>
               <con:testStep type="restrequest" name="GetProfile">
                    <con:settings/>
                    <con:config service="https://myaccount.techsmith.com" resourcePath="/api/v1/profiles/{techSmithId}/{profileName}" methodName="" xsi:type="con:RestRequestStep" xmlns:xsi="http://www.w3.org/2001/XMLSchema-instance">
                         <con:restRequest name="GetProfile" mediaType="application/json">
                              <con:settings>
                                   <con:setting id="com.eviware.soapui.impl.wsdl.WsdlRequest@request-headers">&lt;xml-fragment/></con:setting>
                              </con:settings>
                              <con:endpoint>https://myaccount.techsmith.com</con:endpoint>
                              <con:request/>
                              <con:credentials>
                                   <con:authType>Global HTTP Settings</con:authType>
                              </con:credentials>
                              <con:jmsConfig JMSDeliveryMode="PERSISTENT"/>
                              <con:jmsPropertyConfig/>
                              <con:parameters>
                                   <entry key="Authorization" value="" xmlns="http://eviware.com/soapui/config"/>
                              </con:parameters>
                              <con:parameterOrder>
                                   <con:entry>techSmithId</con:entry>
                                   <con:entry>profileName</con:entry>
                                   <con:entry/>
                              </con:parameterOrder>
                         </con:restRequest>
                    </con:config>
               </con:testStep>
               <con:properties>
                    <con:property>
                         <con:name>AuthToken</con:name>
                         <con:value/>
                    </con:property>
                    <con:property>
                         <con:name>EmailAddresList</con:name>
                         <con:value>${#Project#userAccountToTest}</con:value>
                    </con:property>
                    <con:property>
                         <con:name>tscIdForEmail</con:name>
                         <con:value/>
                    </con:property>
               </con:properties>
          </con:testCase>
          <con:properties/>
     </con:testSuite>
     <con:testSuite name="Create Digital River Profile">
          <con:settings/>
          <con:runType>SEQUENTIAL</con:runType>
          <con:testCase failOnError="true" failTestCaseOnErrors="true" keepSession="false" maxResults="0" name="Create Digital River Profile by email address" searchProperties="true" id="caa4d3ee-e9c6-4258-8b95-351b8ff9f32a">
               <con:settings/>
               <con:testStep type="restrequest" name="Authorize">
                    <con:settings/>
                    <con:config service="https://signin.techsmith.com" resourcePath="/oauth/2/31/Token" methodName="" xsi:type="con:RestRequestStep" xmlns:xsi="http://www.w3.org/2001/XMLSchema-instance">
                         <con:restRequest name="Authorize" mediaType="application/x-www-form-urlencoded" postQueryString="true">
                              <con:settings>
                                   <con:setting id="com.eviware.soapui.impl.wsdl.WsdlRequest@request-headers">&lt;xml-fragment/></con:setting>
                              </con:settings>
                              <con:endpoint>https://signin.techsmith.com</con:endpoint>
                              <con:request/>
                              <con:credentials>
                                   <con:authType>Global HTTP Settings</con:authType>
                              </con:credentials>
                              <con:jmsConfig JMSDeliveryMode="PERSISTENT"/>
                              <con:jmsPropertyConfig/>
                              <con:parameters/>
                              <con:parameterOrder>
                                   <con:entry>client_id</con:entry>
                                   <con:entry>client_secret</con:entry>
                                   <con:entry>grant_type</con:entry>
                                   <con:entry>scope</con:entry>
                                   <con:entry>techsmith_id</con:entry>
                              </con:parameterOrder>
                         </con:restRequest>
                    </con:config>
               </con:testStep>
               <con:testStep type="transfer" name="Transfer Token">
                    <con:settings/>
                    <con:config xsi:type="con:PropertyTransfersStep" xmlns:xsi="http://www.w3.org/2001/XMLSchema-instance">
                         <con:transfers setNullOnMissingSource="true" transferTextContent="true" failOnError="true" ignoreEmpty="false" transferToAll="false" useXQuery="false" entitize="false" transferChildNodes="false" disabled="false">
                              <con:name>GetIdFromEmailToken</con:name>
                              <con:sourceType>ResponseAsXml</con:sourceType>
                              <con:sourceStep>Authorize</con:sourceStep>
                              <con:sourcePath>//*[local-name()="access_token"]/concat("Bearer ", text())</con:sourcePath>
                              <con:targetType>Authorization</con:targetType>
                              <con:targetStep>GetTechsmithIdForEmail</con:targetStep>
                         </con:transfers>
                         <con:transfers setNullOnMissingSource="true" transferTextContent="true" failOnError="true" transferChildNodes="false" transferToAll="false" entitize="false" useXQuery="false" ignoreEmpty="false">
                              <con:name>CreateProfileToken</con:name>
                              <con:sourceType>ResponseAsXml</con:sourceType>
                              <con:sourceStep>Authorize</con:sourceStep>
                              <con:sourcePath>//*[local-name()="access_token"]/concat("Bearer ", text())</con:sourcePath>
                              <con:targetType>Authorization</con:targetType>
                              <con:targetStep>Create Digital River Profile</con:targetStep>
                         </con:transfers>
                    </con:config>
               </con:testStep>
               <con:testStep type="restrequest" name="GetTechsmithIdForEmail">
                    <con:settings/>
                    <con:config service="https://myaccount.techsmith.com" resourcePath="/api/v1/profiles" methodName="Method 1" xsi:type="con:RestRequestStep" xmlns:xsi="http://www.w3.org/2001/XMLSchema-instance">
                         <con:restRequest name="GetTechsmithIdForEmail" mediaType="application/json" postQueryString="false">
                              <con:settings>
                                   <con:setting id="com.eviware.soapui.impl.wsdl.WsdlRequest@request-headers">&lt;xml-fragment/></con:setting>
                              </con:settings>
                              <con:endpoint>https://myaccount.techsmith.com</con:endpoint>
                              <con:request>
                                   {
                                   emailAddresses: "${#Project#userAccountToTest}",
                                   profiles: "default"
                                   }
                              </con:request>
                              <con:credentials>
                                   <con:authType>Global HTTP Settings</con:authType>
                              </con:credentials>
                              <con:jmsConfig JMSDeliveryMode="PERSISTENT"/>
                              <con:jmsPropertyConfig/>
                              <con:parameters>
                                   <entry key="Authorization" value="" xmlns="http://eviware.com/soapui/config"/>
                              </con:parameters>
                              <con:parameterOrder>
                                   <con:entry>Authorization</con:entry>
                              </con:parameterOrder>
                         </con:restRequest>
                    </con:config>
               </con:testStep>
               <con:testStep type="transfer" name="Transfer TSC ID">
                    <con:settings/>
                    <con:config xsi:type="con:PropertyTransfersStep" xmlns:xsi="http://www.w3.org/2001/XMLSchema-instance">
                         <con:transfers setNullOnMissingSource="true" transferTextContent="true" failOnError="true" ignoreEmpty="false" transferToAll="false" useXQuery="false" entitize="false" transferChildNodes="true">
                              <con:name>Transfer_To_Create_Profile_Task</con:name>
                              <con:sourceType>ResponseAsXml</con:sourceType>
                              <con:sourceStep>GetTechsmithIdForEmail</con:sourceStep>
                              <con:sourcePath>//data/normalize-space(replace(tokenize(tokenize(text(), ':')[2], ',')[1], '[\[,\\"]', ''))</con:sourcePath>
                              <con:targetType>techSmithId</con:targetType>
                              <con:targetStep>Create Digital River Profile</con:targetStep>
                              <con:targetPath/>
                         </con:transfers>
                         <con:transfers setNullOnMissingSource="true" transferTextContent="true" failOnError="true" transferChildNodes="false" entitize="false" transferToAll="false">
                              <con:name>Transfer_to_TSCID_UserAuth_Hash_Task</con:name>
                              <con:sourceType>ResponseAsXml</con:sourceType>
                              <con:sourceStep>GetTechsmithIdForEmail</con:sourceStep>
                              <con:sourcePath>//data/normalize-space(replace(tokenize(tokenize(text(), ':')[2], ',')[1], '[\[,\\"]', ''))</con:sourcePath>
                              <con:targetType>techsmith_id</con:targetType>
                              <con:targetStep>getHashOfIdAndSecret</con:targetStep>
                         </con:transfers>
                         <con:transfers setNullOnMissingSource="true" transferTextContent="true" failOnError="true" transferChildNodes="false">
                              <con:name>Transfer_To_Get_TSCID_AuthToken</con:name>
                              <con:sourceType>ResponseAsXml</con:sourceType>
                              <con:sourceStep>GetTechsmithIdForEmail</con:sourceStep>
                              <con:sourcePath>//data/normalize-space(replace(tokenize(tokenize(text(), ':')[2], ',')[1], '[\[,\\"]', ''))</con:sourcePath>
                              <con:targetType>techsmith_id</con:targetType>
                              <con:targetStep>GetTSCIDAuthorizationToken</con:targetStep>
                         </con:transfers>
                    </con:config>
               </con:testStep>
               <con:testStep type="httprequest" name="getHashOfIdAndSecret">
                    <con:settings/>
                    <con:config method="GET" xsi:type="con:HttpRequest" name="getHashOfIdAndSecret" xmlns:xsi="http://www.w3.org/2001/XMLSchema-instance">
                         <con:settings>
                              <con:setting id="com.eviware.soapui.impl.wsdl.WsdlRequest@request-headers">&lt;xml-fragment/></con:setting>
                         </con:settings>
                         <con:endpoint>http://localhost/ProfileHelper/hashstuff.ashx</con:endpoint>
                         <con:request/>
                         <con:credentials>
                              <con:authType>Global HTTP Settings</con:authType>
                         </con:credentials>
                         <con:jmsConfig JMSDeliveryMode="PERSISTENT"/>
                         <con:jmsPropertyConfig/>
                         <con:parameters>
                              <con:parameter>
                                   <con:name>client_secret</con:name>
                                   <con:value>${#Project#ClientSecret}</con:value>
                                   <con:style>QUERY</con:style>
                                   <con:default/>
                                   <con:path xsi:nil="true"/>
                                   <con:description xsi:nil="true"/>
                              </con:parameter>
                              <con:parameter>
                                   <con:name>techsmith_id</con:name>
                                   <con:value></con:value>
                                   <con:style>QUERY</con:style>
                                   <con:default/>
                                   <con:path xsi:nil="true"/>
                                   <con:description xsi:nil="true"/>
                              </con:parameter>
                         </con:parameters>
                    </con:config>
               </con:testStep>
               <con:testStep type="transfer" name="TransferNewClient_Secret">
                    <con:settings/>
                    <con:config xsi:type="con:PropertyTransfersStep" xmlns:xsi="http://www.w3.org/2001/XMLSchema-instance">
                         <con:transfers setNullOnMissingSource="true" transferTextContent="true" failOnError="true" ignoreEmpty="false" transferToAll="false" useXQuery="false" entitize="false" transferChildNodes="false">
                              <con:name>hashedClientSecret</con:name>
                              <con:sourceType>ResponseAsXml</con:sourceType>
                              <con:sourceStep>getHashOfIdAndSecret</con:sourceStep>
                              <con:sourcePath>//*[local-name()="client_secret"]</con:sourcePath>
                              <con:targetType>client_secret</con:targetType>
                              <con:targetStep>GetTSCIDAuthorizationToken</con:targetStep>
                         </con:transfers>
                    </con:config>
               </con:testStep>
               <con:testStep type="restrequest" name="GetTSCIDAuthorizationToken">
                    <con:settings/>
                    <con:config service="https://signin.techsmith.com" resourcePath="/oauth/2/31/Token" methodName="" xsi:type="con:RestRequestStep" xmlns:xsi="http://www.w3.org/2001/XMLSchema-instance">
                         <con:restRequest name="GetTSCIDAuthorizationToken" mediaType="application/x-www-form-urlencoded" postQueryString="true">
                              <con:settings>
                                   <con:setting id="com.eviware.soapui.impl.wsdl.WsdlRequest@request-headers">&lt;xml-fragment/></con:setting>
                              </con:settings>
                              <con:endpoint>https://signin.techsmith.com</con:endpoint>
                              <con:request/>
                              <con:credentials>
                                   <con:authType>Global HTTP Settings</con:authType>
                              </con:credentials>
                              <con:jmsConfig JMSDeliveryMode="PERSISTENT"/>
                              <con:jmsPropertyConfig/>
                              <con:parameters>
                                   <con:entry key="client_secret" value=""/>
                                   <con:entry key="scope" value=""/>
                                   <con:entry key="techsmith_id" value=""/>
                              </con:parameters>
                              <con:parameterOrder>
                                   <con:entry>client_id</con:entry>
                                   <con:entry>client_secret</con:entry>
                                   <con:entry>grant_type</con:entry>
                                   <con:entry>scope</con:entry>
                                   <con:entry>techsmith_id</con:entry>
                              </con:parameterOrder>
                         </con:restRequest>
                    </con:config>
               </con:testStep>
               <con:testStep type="transfer" name="Transfer User Token">
                    <con:settings/>
                    <con:config xsi:type="con:PropertyTransfersStep" xmlns:xsi="http://www.w3.org/2001/XMLSchema-instance">
                         <con:transfers setNullOnMissingSource="true" transferTextContent="true" failOnError="true" ignoreEmpty="false" transferToAll="false" useXQuery="false" entitize="false" transferChildNodes="false" disabled="false">
                              <con:name>GetIdFromEmailToken</con:name>
                              <con:sourceType>ResponseAsXml</con:sourceType>
                              <con:sourceStep>GetTSCIDAuthorizationToken</con:sourceStep>
                              <con:sourcePath>//*[local-name()="access_token"]/concat("Bearer ", text())</con:sourcePath>
                              <con:targetType>Authorization</con:targetType>
                              <con:targetStep>Create Digital River Profile</con:targetStep>
                         </con:transfers>
                    </con:config>
               </con:testStep>
               <con:testStep type="restrequest" name="Create Digital River Profile">
                    <con:settings/>
                    <con:config service="https://myaccount.techsmith.com" resourcePath="/api/v1/profiles/{techSmithId}/{profile}" methodName="CreateProfile" xsi:type="con:RestRequestStep" xmlns:xsi="http://www.w3.org/2001/XMLSchema-instance">
                         <con:restRequest name="Create Digital River Profile" mediaType="application/json" postQueryString="false">
                              <con:settings>
                                   <con:setting id="com.eviware.soapui.impl.wsdl.WsdlRequest@request-headers">&lt;xml-fragment/></con:setting>
                                   <con:setting id="AutoInferSchemas">true</con:setting>
                              </con:settings>
                              <con:endpoint>https://myaccount.techsmith.com</con:endpoint>
                              <con:request>
                                   {
                                   '_email': '${#TestCase#EmailAddresList}',
                                   '_firstName': '${#TestCase#dr_fName}',
                                   '_lastName' : '${#TestCase#dr_lName}',
                                   'locale' : '${#TestCase#dr_locale}'
                                   }
                              </con:request>
                              <con:credentials>
                                   <con:authType>Global HTTP Settings</con:authType>
                              </con:credentials>
                              <con:jmsConfig JMSDeliveryMode="PERSISTENT"/>
                              <con:jmsPropertyConfig/>
                              <con:parameters>
                                   <con:entry key="techSmithId" value=""/>
                                   <con:entry key="Authorization" value=""/>
                              </con:parameters>
                              <con:parameterOrder>
                                   <con:entry>techSmithId</con:entry>
                                   <con:entry>profile</con:entry>
                                   <con:entry>Authorization</con:entry>
                              </con:parameterOrder>
                         </con:restRequest>
                    </con:config>
               </con:testStep>
               <con:properties>
                    <con:property>
                         <con:name>EmailAddresList</con:name>
                         <con:value></con:value>
                    </con:property>
                    <con:property>
                         <con:name>dr_fName</con:name>
                         <con:value></con:value>
                    </con:property>
                    <con:property>
                         <con:name>dr_lName</con:name>
                         <con:value></con:value>
                    </con:property>
                    <con:property>
                         <con:name>dr_locale</con:name>
                         <con:value></con:value>
                    </con:property>
               </con:properties>
          </con:testCase>
          <con:properties/>
     </con:testSuite>
     <con:properties>
          <con:property>
               <con:name>ClientID</con:name>
               <con:value></con:value>
          </con:property>
          <con:property>
               <con:name>ClientSecret</con:name>
               <con:value></con:value>
          </con:property>
          <con:property>
               <con:name>Test</con:name>
               <con:value></con:value>
          </con:property>
          <con:property>
               <con:name>userAccountToTest</con:name>
               <con:value></con:value>
          </con:property>
     </con:properties>
     <con:wssContainer/>
</con:soapui-project>